mismatch,condition,bleu,hda,term_precision,term_recall,term_f1,context_overuse_rate,wrong_slide_adoption_rate,avg_wall_time_sec,n
matched,no_context,0.0,0.0,0.0,0.0,0.0,0.0,0.0,0.00011380513509114583,3
matched,glossary_only,0.0,0.0,0.0,0.0,0.0,0.0,0.0,0.00018938382466634115,3
matched,slide_ocr_current,2.337629193346912,1.0,1.0,1.0,1.0,0.0,0.0,5.094210306803385e-05,3
matched,background_only,0.0,0.0,0.0,0.0,0.0,0.0,0.0,3.09149424235026e-05,3
matched,naive_all_context,2.0970342597432285,1.0,0.6,1.0,0.7499999999999999,0.6666666666666666,1.0,5.5631001790364586e-05,3
matched,policy,3.034508801848689,1.0,1.0,1.0,1.0,0.0,0.0,0.0006283919016520182,3
matched,oracle,3.034508801848689,1.0,1.0,1.0,1.0,0.0,0.0,0.00045990943908691406,3
